node,lat,lon,score
27440221,41.8782108,-87.6276919,0.8044999999999992
262184216,41.8787846,-87.6307979,0.7999999999999993
262184217,41.8787766,-87.6322731,0.7859999999999993
740243555,41.8800929,-87.6277403,0.6974999999999996
740243676,41.8788321,-87.6277087,0.8044999999999993
853530314,41.8756138,-87.6312497,0.8379999999999999
1274393585,41.8756918,-87.6312567,0.8374999999999999
1448914875,41.8794192,-87.6314589,0.8014999999999992
1448914876,41.8787836,-87.6314485,0.8014999999999992
1457057869,41.8786565,-87.6307964,0.7999999999999993
1672977042,41.8806736,-87.6333976,0.6924999999999997
1884311450,41.876879,-87.6312935,0.8274999999999997
1885716957,41.8755637,-87.6282083,0.8084999999999996
1885719058,41.8755245,-87.6301743,0.8384999999999999
2180600331,41.877517,-87.6267835,0.8109999999999993
2180600358,41.8775223,-87.6263858,0.8119999999999992
2180600360,41.8769682,-87.6263735,0.8084999999999992
2180600380,41.8775184,-87.6265869,0.8109999999999993
2330813788,41.8784898,-87.6267136,0.8039999999999994
2390757086,41.878809,-87.6292127,0.8029999999999994
2392113523,41.8788197,-87.6278311,0.8039999999999994
2392113527,41.8788222,-87.6275842,0.8044999999999993
2394592082,41.876441,-87.6326076,0.8379999999999999
2394593311,41.876748,-87.6325793,0.8349999999999997
2394593312,41.8764408,-87.6325689,0.8374999999999999
2394593313,41.8766952,-87.6322509,0.8339999999999996
2394593314,41.876448,-87.6322463,0.8369999999999999
2394593318,41.8766928,-87.6325775,0.8349999999999997
2394594231,41.8764495,-87.6319828,0.8339999999999996
2394595068,41.8759358,-87.6319089,0.8394999999999999
2394595074,41.8759447,-87.6323377,0.8394999999999999
2394595076,41.8758348,-87.6324983,0.8394999999999999
2401831550,41.8800882,-87.6283881,0.6949999999999997
2404152587,41.8794489,-87.6262593,0.6954999999999998
2404152594,41.8795969,-87.6262601,0.6954999999999998
2404161626,41.8795346,-87.6262602,0.6954999999999998
2435818024,41.8788723,-87.6292173,0.8029999999999994
2447774999,41.876408,-87.6297305,0.7984999999999995
2624378882,41.8758877,-87.629718,0.8009999999999995
2624378884,41.8758923,-87.6292344,0.8019999999999995
2624378890,41.8764123,-87.6292444,0.7974999999999998
4156112986,41.8807596,-87.6324605,0.8079999999999993
4156112988,41.8806051,-87.6324547,0.689
4156113190,41.8806103,-87.6322059,0.7954999999999992
4156113192,41.8807648,-87.6322118,0.7954999999999992
4156113194,41.8807878,-87.6309805,0.8044999999999992
4156113196,41.8807905,-87.6307073,0.8039999999999992
4156113198,41.8806285,-87.6307229,0.8044999999999992
4156113200,41.8806247,-87.6309804,0.8019999999999992
4156113202,41.8807683,-87.6309805,0.8044999999999992
4156113206,41.8807919,-87.6292458,0.6969999999999997
4156113208,41.8806393,-87.62924,0.6969999999999997
4156113211,41.8806386,-87.6294975,0.6949999999999998
4156113213,41.8807005,-87.6275861,0.6984999999999997
4156113222,41.8807229,-87.6263064,0.6989999999999996
4497342631,41.8757914,-87.6330919,0.8379999999999991
7675964036,41.8756128,-87.6313645,0.8344999999999999
7675964041,41.8787687,-87.6276836,0.8044999999999993
7675964042,41.8776154,-87.6276664,0.8044999999999994
7675964044,41.8801857,-87.6277264,0.6989999999999996
7675964049,41.8775545,-87.6292634,0.8024999999999994
7675964050,41.8787567,-87.6292865,0.8019999999999993
7675964052,41.8801512,-87.6293643,0.8029999999999992
7897259284,41.8777782,-87.6282595,0.7974999999999994
7897300286,41.877213,-87.6287462,0.8004999999999997
8732593102,41.8763213,-87.6331097,0.8384999999999998
8732593105,41.8763248,-87.6328998,0.8389999999999997
8838345372,41.8775244,-87.6262287,0.8074999999999993
8838345374,41.8781622,-87.6269375,0.8089999999999994
8838345375,41.8781776,-87.6262491,0.8069999999999993
8838345387,41.8755584,-87.626884,0.8124999999999994
9353316096,41.8786696,-87.6285038,0.7969999999999995
9353316097,41.878191,-87.6284962,0.8064999999999993
9364862003,41.8806502,-87.6279112,0.6969999999999996
9373442307,41.8807523,-87.633399,0.6899999999999998
9678073872,41.8771034,-87.6267723,0.8034999999999993
9678073874,41.877109,-87.6265774,0.8064999999999993
9710044159,41.8783232,-87.6262514,0.8069999999999993
9710044182,41.8796022,-87.6262875,0.6954999999999998
9710044187,41.8794437,-87.6262849,0.6954999999999998
9782995118,41.8759803,-87.6307204,0.8314999999999998
9782995119,41.8759763,-87.6312671,0.8334999999999998
9818804272,41.8757532,-87.6330223,0.837499999999999
9818804273,41.8757919,-87.6330245,0.8359999999999991
9818858418,41.8776682,-87.6267891,0.8089999999999994
9818858421,41.8777877,-87.6265986,0.8139999999999992
9818858423,41.8777901,-87.626394,0.8094999999999993
9878390019,41.8788196,-87.6279085,0.8039999999999994
9878390030,41.8796803,-87.6262862,0.6954999999999998
9878390031,41.8793739,-87.6262837,0.6954999999999998
9913028155,41.8781445,-87.6275425,0.8099999999999993
9913028156,41.8781134,-87.6278471,0.8019999999999993
9913028168,41.878304,-87.6275382,0.8099999999999993
9913028171,41.8782707,-87.6278508,0.8049999999999993
9913028175,41.8782228,-87.6321346,0.7949999999999993
9913028185,41.879381,-87.6278834,0.8029999999999993
9913028193,41.8795456,-87.6278876,0.8029999999999993
9913028214,41.8769936,-87.6278085,0.7984999999999993
9913028435,41.8768079,-87.6312919,0.8274999999999997
9913028437,41.8767869,-87.6322541,0.8339999999999996
9913028456,41.8754497,-87.630171,0.8384999999999999
9913028468,41.8757824,-87.6312595,0.8364999999999999
9913028504,41.875757,-87.6331752,0.8379999999999991
9913028515,41.8763234,-87.633037,0.8384999999999998
9913028517,41.8767787,-87.6331775,0.8404999999999991
9913028518,41.8757567,-87.6331489,0.8379999999999991
9913028522,41.8757839,-87.6316571,0.8359999999999999
9913028535,41.8769446,-87.6319164,0.8319999999999997
9913028537,41.8795778,-87.6275643,0.8099999999999996
9913028538,41.8795898,-87.6269791,0.8049999999999996
9913028540,41.8794254,-87.6275646,0.8054999999999992
9913028552,41.8770411,-87.6275197,0.7994999999999993
9913028553,41.8770319,-87.6269146,0.8009999999999994
9913028560,41.8768874,-87.6269117,0.8069999999999992
9913028564,41.8758066,-87.6268898,0.8114999999999993
9913028570,41.8777782,-87.6275359,0.8089999999999992
9913028572,41.8790237,-87.6275524,0.8044999999999993
9913028573,41.8786233,-87.6275424,0.8059999999999994
9913028576,41.8786488,-87.6278562,0.8039999999999994
9913028579,41.8790143,-87.6278649,0.8029999999999993
9913028730,41.8764114,-87.6293822,0.7974999999999998
9913028737,41.8793656,-87.6294699,0.8034999999999992
9913028738,41.8776699,-87.6294184,0.8064999999999997
9913028739,41.8786383,-87.6294655,0.7994999999999993
9913028740,41.8786392,-87.6291855,0.8004999999999994
9913028752,41.8793606,-87.6292115,0.8074999999999991
9913028754,41.879531,-87.6292148,0.8079999999999993
9913028758,41.8795231,-87.6294717,0.8034999999999992
9913383204,41.8781026,-87.6286658,0.8004999999999994
9913383211,41.8772144,-87.6286519,0.7984999999999995
9913383212,41.8781067,-87.6288703,0.8004999999999994
9913425820,41.8781018,-87.6297066,0.8009999999999995
9913425822,41.8780999,-87.6298297,0.8004999999999994
9913425823,41.8757855,-87.6297846,0.8019999999999995
9913425825,41.8768217,-87.6298044,0.8009999999999997
9913425843,41.878657,-87.6306628,0.7999999999999993
9913425845,41.8793454,-87.6306861,0.7974999999999993
9913425846,41.8795068,-87.6306944,0.7974999999999993
9913425852,41.8759792,-87.6308528,0.8294999999999999
9913425860,41.8793535,-87.6309414,0.8029999999999992
9913425862,41.8795019,-87.6309455,0.7999999999999992
9913425868,41.8780576,-87.6326576,0.7034999999999997
9913425870,41.8780548,-87.6328325,0.7034999999999997
9913425874,41.8780584,-87.6324099,0.788999999999999
9913425875,41.8782177,-87.6323926,0.7874999999999993
9913425877,41.878064,-87.6321159,0.7949999999999993
9913425881,41.8793312,-87.6324119,0.6859999999999999
9913425883,41.8794807,-87.6324167,0.6859999999999999
9913425886,41.8793364,-87.6321586,0.6859999999999999
9913425888,41.8794851,-87.6321655,0.6859999999999999
9913426035,41.8777575,-87.6278426,0.8044999999999994
9928185364,41.87883,-87.6321558,0.7874999999999993
9928185365,41.8788469,-87.6323919,0.7859999999999993
9928185367,41.8786926,-87.6323985,0.7859999999999993
9928185368,41.8787075,-87.6321521,0.7874999999999993
10073962776,41.87942,-87.6268368,0.7969999999999996
10073962778,41.8795136,-87.6268399,0.8049999999999996
10888643220,41.8770464,-87.6263776,0.8074999999999993
10925676068,41.8807941,-87.6303332,0.8039999999999992
10925676069,41.8807959,-87.6301375,0.8029999999999993
10932481665,41.879649,-87.6262382,0.6954999999999998
10932481666,41.8795972,-87.626237,0.6954999999999998
10932481670,41.8795359,-87.6262097,0.6954999999999998
10932481671,41.8795855,-87.6262104,0.6954999999999998
10932481675,41.8794866,-87.6262079,0.6954999999999998
10932481708,41.8790627,-87.626221,0.8084999999999996
10932481711,41.878921,-87.6262716,0.8064999999999997
10933145651,41.8769428,-87.6322586,0.8369999999999996
10933145654,41.8768153,-87.6308469,0.8279999999999997
10933145686,41.8768037,-87.6318004,0.8344999999999996
10933145687,41.876939,-87.6318037,0.8299999999999996
10933145689,41.8768046,-87.6317259,0.8344999999999996
10933145690,41.8769387,-87.6318727,0.8294999999999996
10933145691,41.8769392,-87.6317376,0.8314999999999998
10933145692,41.8767682,-87.6318682,0.8339999999999996
10933145693,41.8767687,-87.6317953,0.8344999999999996
10933145696,41.8769785,-87.6318078,0.8299999999999996
10933204906,41.8769234,-87.6318755,0.8294999999999996
10933204907,41.8769242,-87.6318029,0.8299999999999996
10933204908,41.8769241,-87.6317342,0.8314999999999998
10933204909,41.8768259,-87.6318734,0.8339999999999996
10933204910,41.876825,-87.6318011,0.8344999999999996
10933204911,41.8768257,-87.6317239,0.8344999999999996
10933204912,41.8768083,-87.6318806,0.8359999999999999
10933204913,41.8768097,-87.6317172,0.8344999999999996
10933204914,41.8769356,-87.6318823,0.8319999999999997
10933204915,41.8769359,-87.6317292,0.8314999999999998
10933204916,41.8769357,-87.6318072,0.8299999999999996
10933204917,41.876809,-87.6317965,0.8344999999999996
10933204926,41.8766992,-87.6308708,0.8279999999999997
10933205006,41.8769442,-87.6319893,0.8334999999999997
10933205007,41.8767903,-87.6319792,0.8374999999999997
10933205008,41.8767961,-87.6316125,0.8344999999999996
10933205009,41.8769471,-87.6316249,0.8314999999999998
10933329795,41.8769653,-87.6296958,0.8009999999999997
10933329797,41.8769733,-87.629972,0.8004999999999997
10933329802,41.8768302,-87.6297017,0.8009999999999997
10933329804,41.8768202,-87.6294319,0.7984999999999995
10933342022,41.8770167,-87.6286488,0.7989999999999995
10933342023,41.8770227,-87.6278225,0.7984999999999993
10933342025,41.8769914,-87.628579,0.7989999999999995
10933342026,41.8769686,-87.628578,0.7989999999999995
10933342028,41.8769803,-87.6285505,0.7989999999999995
10933342029,41.8769787,-87.6286064,0.7989999999999995
10933342032,41.8769766,-87.6287849,0.7984999999999995
10933342044,41.8768442,-87.6286034,0.7974999999999995
10933342046,41.8768417,-87.6287904,0.7984999999999995
10933342047,41.8769787,-87.6286334,0.7984999999999995
10933342048,41.8768438,-87.6286322,0.7974999999999995
10933342050,41.8770185,-87.6285317,0.7989999999999995
10933342051,41.8769799,-87.6285327,0.7989999999999995
10933342054,41.8768347,-87.6283056,0.8004999999999995
10933342055,41.8769186,-87.6286329,0.7984999999999995
10933342056,41.8769195,-87.6285325,0.7974999999999995
10933342059,41.8769806,-87.6285074,0.7989999999999995
10933342063,41.8769959,-87.6282587,0.7974999999999995
10933342064,41.8770201,-87.6282593,0.7974999999999995
10956195898,41.8800444,-87.6324347,0.6859999999999999
10956376206,41.8798463,-87.6329482,0.6859999999999999
10956376207,41.8800399,-87.6329534,0.6859999999999999
10956376215,41.8805783,-87.6334116,0.6924999999999997
10956376216,41.8806734,-87.6334147,0.6924999999999997
10956376217,41.8805976,-87.6334123,0.6924999999999997
10956393851,41.8801005,-87.6321927,0.6864999999999998
10956393852,41.8801043,-87.6318334,0.7954999999999991
10956393856,41.8800518,-87.6317785,0.7954999999999991
10956393857,41.8801164,-87.6308214,0.7964999999999992
10956393859,41.8800624,-87.6309625,0.7974999999999991
10956393860,41.8800459,-87.6321916,0.6859999999999999
10956393861,41.8801146,-87.6309645,0.7974999999999991
10956413133,41.8800789,-87.6294846,0.8009999999999993
10956413134,41.8800641,-87.6307119,0.796999999999999
10956413356,41.8802601,-87.6294888,0.8029999999999992
10956413359,41.8799092,-87.6294807,0.8049999999999993
10956413360,41.8800924,-87.6294661,0.8009999999999993
10956413361,41.8800943,-87.6292577,0.8084999999999992
10956413362,41.8800933,-87.6293628,0.8014999999999992
10956436268,41.8801339,-87.6297167,0.7994999999999992
10956436269,41.8801369,-87.6294859,0.8014999999999992
10957819933,41.8799198,-87.6292264,0.8084999999999992
10957819934,41.8802568,-87.6292366,0.6884999999999999
10957839319,41.8799087,-87.6278953,0.6939999999999997
10957839321,41.8802876,-87.6279034,0.6989999999999996
10957839323,41.8800999,-87.6278671,0.6974999999999996
10957839324,41.8801024,-87.6276161,0.6974999999999996
10957839325,41.8801013,-87.6277248,0.6974999999999996
10957839354,41.8800834,-87.6290678,0.8089999999999992
10957839355,41.8800494,-87.6290678,0.8089999999999992
10957839356,41.8800511,-87.6289628,0.8119999999999992
10957839357,41.8800847,-87.6289635,0.8119999999999992
10957839361,41.8800841,-87.6290141,0.8099999999999993
10957839362,41.8801308,-87.6290154,0.8099999999999993
10957839366,41.8800918,-87.6278992,0.6974999999999996
10957839367,41.8800824,-87.6292313,0.8084999999999992
10957839368,41.8806443,-87.6283991,0.6969999999999996
10957933573,41.8803039,-87.6275784,0.6989999999999996
10957933574,41.8799251,-87.6275711,0.6939999999999997
10957942787,41.8804712,-87.6263374,0.6984999999999997
10957942789,41.8804715,-87.6263015,0.6984999999999997
10957942799,41.8799571,-87.6262916,0.6994999999999996
10974111397,41.8782113,-87.6328341,0.6849999999999998
10974276149,41.8793403,-87.6315143,0.8014999999999992
10974276150,41.8788285,-87.6315047,0.8014999999999992
10974276151,41.8788226,-87.6321556,0.7874999999999993
10974276152,41.8787314,-87.6321529,0.7874999999999993
10974276153,41.8787479,-87.6309267,0.8024999999999991
10974276187,41.8787844,-87.6309276,0.8024999999999991
10974276190,41.8793502,-87.6314577,0.8014999999999992
10974282964,41.8788216,-87.6309284,0.8024999999999991
10974282966,41.8788237,-87.6314492,0.8014999999999992
10974570092,41.8786444,-87.6301546,0.7989999999999994
10974570093,41.8786812,-87.6301557,0.7989999999999994
10974570183,41.8788084,-87.6292879,0.8019999999999993
10977345179,41.8788493,-87.6291863,0.8009999999999994
10977345827,41.8788832,-87.6279233,0.8039999999999994
10977345846,41.8787983,-87.6287573,0.7999999999999994
10977345966,41.8788212,-87.627685,0.8044999999999993
10977345971,41.878884,-87.6278618,0.8039999999999994
10977346064,41.8782712,-87.6284975,0.8024999999999994
10977346065,41.8788304,-87.6278605,0.8039999999999994
10977487747,41.8791902,-87.6263098,0.6954999999999998
10977487785,41.8783164,-87.6267097,0.8039999999999994
10977487835,41.8783129,-87.6269399,0.8089999999999994
10977487836,41.8794339,-87.6269726,0.8074999999999996
10977487837,41.8791928,-87.6262789,0.6954999999999998
10977487840,41.8794358,-87.6268373,0.8064999999999997
10977506900,41.8787601,-87.6306663,0.7999999999999993
10977506901,41.8787679,-87.6294727,0.7989999999999994
10977506903,41.8785957,-87.6306613,0.7989999999999994
10977512306,41.8782527,-87.6303555,0.7989999999999994
10977512307,41.8787644,-87.6300417,0.7999999999999994
10977512310,41.8793589,-87.6298737,0.8019999999999993
10977512311,41.8787655,-87.6298607,0.7984999999999993
10977512312,41.87915,-87.6298691,0.7999999999999993
10977512313,41.879155,-87.6294836,0.8024999999999993
11042846347,41.8767809,-87.6328009,0.8359999999999996
11042846350,41.8771998,-87.6327378,0.8334999999999997
11042846351,41.8771998,-87.6328337,0.8334999999999997
11042846352,41.8772578,-87.6328354,0.8314999999999997
11042846353,41.8772579,-87.6327393,0.8364999999999996
11042846354,41.8772578,-87.6328109,0.8364999999999996
11042846355,41.8771998,-87.6328093,0.8334999999999997
11042846356,41.8769404,-87.6325355,0.8344999999999996
11042846357,41.8767834,-87.6325316,0.8349999999999997
11042849183,41.8780684,-87.6317476,0.7974999999999991
11042849187,41.8780661,-87.6319346,0.7964999999999991
11042849513,41.8773732,-87.6307571,0.8284999999999998
11042849514,41.8773725,-87.6309157,0.8269999999999997
11042849515,41.8773726,-87.630894,0.8269999999999997
11042849516,41.8773345,-87.6309153,0.8269999999999997
11042849517,41.8773343,-87.6307559,0.8284999999999998
11042849518,41.8773345,-87.6308933,0.8284999999999998
11042849521,41.87767,-87.6307658,0.7984999999999997
11042849522,41.8776699,-87.6309186,0.8034999999999995
11042849523,41.8776699,-87.6308993,0.8034999999999995
11042849525,41.8777062,-87.6309144,0.8039999999999995
11042849526,41.8777071,-87.6307669,0.7984999999999997
11042849527,41.8777064,-87.6308999,0.8039999999999995
11055683186,41.8769395,-87.6326229,0.8339999999999997
11055683187,41.8767848,-87.6330431,0.8364999999999998
11060274214,41.8787776,-87.6321543,0.7874999999999993
11063353970,41.8757846,-87.6310941,0.8319999999999999
11063353971,41.8757818,-87.6314376,0.836
11063353972,41.8754432,-87.6314175,0.8389999999999997
11063353973,41.8754487,-87.631064,0.8384999999999998
11063353974,41.8754581,-87.6312484,0.8349999999999999
11063353975,41.8757633,-87.6312519,0.8364999999999999
11776503196,41.8774487,-87.6306095,0.7954999999999997
11776503197,41.8774473,-87.6307593,0.8284999999999998
11776503244,41.8769975,-87.630277,0.7939999999999998
11776503245,41.8768912,-87.6302743,0.7954999999999997
11776503246,41.8769715,-87.6302763,0.7939999999999998
11776503252,41.876894,-87.6300482,0.7999999999999997
11776503253,41.8769896,-87.6300518,0.7954999999999997
11776503259,41.8775122,-87.6297571,0.7964999999999998
11776503260,41.8775117,-87.629829,0.7959999999999997
11776503261,41.8775118,-87.6298145,0.7959999999999997
11776503262,41.876973,-87.6300512,0.7954999999999997
11776503263,41.8774104,-87.6298261,0.7959999999999997
11776503264,41.8774109,-87.6297546,0.8009999999999997
11776503265,41.8774105,-87.6298124,0.7959999999999997
11776551259,41.8776825,-87.6291647,0.8024999999999994
11776551265,41.8773492,-87.6294083,0.8044999999999995
11776551268,41.8773012,-87.6291604,0.8044999999999995
11776556169,41.8775138,-87.6291902,0.8044999999999995
11776556170,41.8775126,-87.6293915,0.8044999999999995
11776556182,41.877513,-87.6292634,0.8044999999999995
11778204597,41.8770178,-87.6275155,0.8234999999999997
11778204633,41.8773506,-87.6286333,0.7994999999999997
11778204634,41.87735,-87.6287494,0.8044999999999995
11778204635,41.8773505,-87.6286541,0.8034999999999995
11778218226,41.8774067,-87.627525,0.8044999999999994
11778218259,41.8775718,-87.627838,0.8049999999999994
11778218260,41.8773914,-87.6278334,0.7974999999999995
11778218272,41.877591,-87.6277806,0.8049999999999994
11778218273,41.877591,-87.627804,0.8049999999999994
11778218274,41.8775926,-87.6275542,0.8064999999999993
11778218277,41.8775918,-87.627666,0.8044999999999994
11778218279,41.8778146,-87.6278433,0.8064999999999993
11778218280,41.8770216,-87.6281096,0.7969999999999996
11778218281,41.8772107,-87.6281127,0.7974999999999995
11778218284,41.8773696,-87.6278327,0.7969999999999996
11778218612,41.8771959,-87.62825,0.7979999999999996
11778218613,41.8771892,-87.6286515,0.7984999999999995
11778427194,41.8780381,-87.6272413,0.8124999999999993
11778427195,41.8781532,-87.6272457,0.8124999999999993
11778427197,41.8781597,-87.6270236,0.8104999999999992
11778427199,41.8780828,-87.6275413,0.8084999999999992
11778427201,41.878088,-87.6272432,0.8124999999999993
11778897189,41.8774485,-87.6306294,0.7954999999999997
11781384357,41.8766032,-87.6330541,0.8379999999999999
11781384360,41.8765619,-87.633029,0.8379999999999999
11781384484,41.8757968,-87.6325957,0.8394999999999999
11781384488,41.8758562,-87.6318144,0.8384999999999998
11781384489,41.8758573,-87.6317445,0.8374999999999999
11781384490,41.8757605,-87.6317994,0.8369999999999999
11781384493,41.8761286,-87.6318244,0.8354999999999998
11781384495,41.8759653,-87.631849,0.8384999999999999
11781384497,41.875966,-87.6318063,0.8374999999999999
11781384498,41.8764493,-87.6318545,0.8364999999999996
11781384503,41.8758564,-87.6318026,0.8384999999999998
11781384523,41.876342,-87.6331102,0.8384999999999998
11781384524,41.8763415,-87.6331653,0.8404999999999991
11781384547,41.8760276,-87.6331695,0.8379999999999991
11781384548,41.8760284,-87.6330999,0.8379999999999991
11781384549,41.8760277,-87.6331559,0.8379999999999991
11781384551,41.876424,-87.6331834,0.8404999999999991
11781384552,41.8764257,-87.6331119,0.8379999999999999
11781384562,41.8764243,-87.6331678,0.8404999999999991
11782507597,41.8760764,-87.6308732,0.8289999999999997
11782507598,41.8760764,-87.6307221,0.8294999999999999
11782507599,41.8761219,-87.6307229,0.829
11782507600,41.8761204,-87.6308744,0.8294999999999999
11782507632,41.8760764,-87.6308552,0.8289999999999997
11782507633,41.8761205,-87.6308563,0.8294999999999999
11782555853,41.8760509,-87.6298069,0.8009999999999995
11782555854,41.8760519,-87.6297219,0.7969999999999996
11782555855,41.876123,-87.6297236,0.7979999999999996
11782555856,41.8761218,-87.629808,0.8009999999999995
11782555859,41.876806,-87.6305534,0.7959999999999997
11782555861,41.876519,-87.6299009,0.7979999999999996
11782555862,41.8764407,-87.6297948,0.7984999999999995
11782555867,41.8767511,-87.6304704,0.7954999999999997
11782555868,41.8767586,-87.6298842,0.8004999999999997
11782564971,41.8766656,-87.630455,0.7959999999999997
11782564987,41.8766725,-87.630446,0.7959999999999997
11782564988,41.8767046,-87.6304043,0.7959999999999997
11782564990,41.8767692,-87.630497,0.7954999999999997
11782564992,41.8765831,-87.6302314,0.7999999999999997
11782596420,41.8760511,-87.629785,0.8014999999999994
11782596421,41.876122,-87.6297868,0.8014999999999994
11782596425,41.8764961,-87.6296704,0.7984999999999995
11782596444,41.8758923,-87.6293698,0.8019999999999995
11782599295,41.8765818,-87.6292488,0.7989999999999996
11782599301,41.8765805,-87.6293862,0.7984999999999995
11782599304,41.8765777,-87.6297346,0.7984999999999995
11782599306,41.8765175,-87.6297331,0.7984999999999995
11782599307,41.876519,-87.6295913,0.7984999999999995
11782599314,41.8764102,-87.6295076,0.7984999999999995
11782599315,41.8760321,-87.6294987,0.7974999999999998
11782599316,41.8765182,-87.6296707,0.7984999999999995
11782599317,41.876578,-87.6296717,0.7984999999999995
11782999450,41.8761177,-87.6275143,0.8074999999999996
11782999452,41.8760937,-87.6274815,0.8074999999999996
11783031103,41.8766142,-87.6285882,0.7989999999999996
11783031105,41.8766134,-87.628733,0.7989999999999996
11783031106,41.8766139,-87.6286377,0.7989999999999996
11783031108,41.8760399,-87.6285763,0.7979999999999997
11783031109,41.8760398,-87.6286173,0.7979999999999997
11783031110,41.8760391,-87.6287182,0.8019999999999995
11783295003,41.8760358,-87.6268944,0.8099999999999994
11783295004,41.8760448,-87.6262497,0.8029999999999994
12095758717,41.8754674,-87.6282055,0.8084999999999996
12095758885,41.8754442,-87.6315622,0.8389999999999997
13077382710,41.8754364,-87.6329635,0.839499999999999
13077382712,41.875439,-87.6331663,0.839499999999999
13077382713,41.8757512,-87.6329684,0.839499999999999
13080646489,41.8758033,-87.62748,0.8074999999999996
13080646491,41.8757996,-87.6277835,0.8074999999999996
13080646493,41.8754693,-87.6277811,0.8059999999999994
13080646495,41.8754879,-87.6274668,0.8054999999999992
13080646497,41.8768751,-87.6275137,0.7984999999999993
13080646499,41.8768452,-87.6278118,0.7984999999999993
13080901901,41.8768069,-87.6306067,0.7959999999999997
13080901903,41.8768199,-87.6308739,0.8279999999999997
13080901905,41.8769617,-87.6308852,0.8279999999999997
13080901907,41.8769681,-87.6306102,0.7949999999999997
13081040979,41.8768153,-87.6296758,0.8009999999999997
13081040981,41.8769751,-87.6298034,0.8009999999999997
13081040983,41.8769788,-87.6296682,0.8009999999999997
13081040985,41.8769828,-87.6288451,0.7979999999999994
13081040986,41.8768263,-87.6288387,0.7984999999999995
13081040987,41.8768427,-87.6288392,0.7984999999999995
13081040989,41.8768266,-87.6286452,0.7974999999999995
13081040990,41.8769867,-87.6286495,0.7984999999999995
13081054180,41.8767939,-87.6317053,0.8344999999999996
13081054181,41.876792,-87.6318594,0.8339999999999996
13081054183,41.876946,-87.6317104,0.8314999999999998
13081054184,41.8769453,-87.6318618,0.8294999999999996
13081054185,41.8767914,-87.631914,0.8359999999999999
13081054187,41.8768342,-87.6291533,0.7964999999999995
13081054189,41.8768268,-87.629393,0.7984999999999995
13081054191,41.8769806,-87.6293913,0.7984999999999995
13081054193,41.8769799,-87.6291525,0.7984999999999995
13081146450,41.8757993,-87.6286085,0.8049999999999996
13081146452,41.8757992,-87.6288259,0.8049999999999996
13081146454,41.8754641,-87.6288205,0.8069999999999995
13081146456,41.8754658,-87.6286029,0.8049999999999993
13081146458,41.87547,-87.6291074,0.8049999999999996
13081146460,41.8754649,-87.629364,0.8049999999999996
13081146462,41.8757934,-87.6293725,0.8029999999999995
13081146464,41.8757984,-87.6291102,0.8049999999999996
13081229623,41.8757791,-87.6305855,0.8360000000000001
13081229625,41.8757873,-87.6308544,0.8344999999999999
13081229627,41.8754561,-87.6308444,0.8369999999999997
13081229630,41.8754472,-87.630585,0.8399999999999999
13081229631,41.8757658,-87.631664,0.8359999999999999
13081229632,41.8754447,-87.6316276,0.8389999999999997
13081249111,41.8781019,-87.6291934,0.8014999999999993
13081249113,41.8781013,-87.6294267,0.8014999999999993
13081249115,41.8782634,-87.6294354,0.8034999999999992
13081249117,41.8782688,-87.6291879,0.8034999999999992
13081249119,41.8782385,-87.6309122,0.7969999999999993
13081249121,41.8782462,-87.6306543,0.7969999999999993
13081249123,41.878082,-87.6306524,0.7979999999999994
13081249125,41.8780789,-87.6309069,0.7979999999999994
13081249126,41.8754562,-87.6297672,0.841
13081249127,41.8754582,-87.629648,0.8054999999999995
13081265023,41.8769376,-87.6328022,0.8354999999999998
13081341433,41.8770511,-87.6262215,0.8084999999999993
13081341435,41.8769048,-87.6262107,0.8089999999999994
13081342055,41.8758183,-87.6261884,0.8369999999999994
13081342057,41.8755763,-87.6261822,0.8449999999999995
13137139800,41.8768347,-87.6285792,0.7974999999999995
13137165001,41.8768282,-87.6285797,0.7974999999999995
